#,Word,Translation,Part of Speech,Example Sentence,Check
1,a few,少しの,句（形容詞的）,I have a few friends.,
2,a kind of,〜の種類,句（名詞的）,A kind of fruit,
3,a little,少し,句（副詞的）,I speak a little English.,
4,about,〜について,前置詞／副詞,talk about it,
5,above,〜の上に／上に,前置詞／副詞,Above the clouds / look above,
6,abroad,海外で／海外,副詞／名詞,Study abroad / from abroad.,
7,absent,欠席している,形容詞,He is absent today.,
8,accept,受け入れる,動詞,Accept the offer,
9,accident,事故,名詞,A car accident,
10,according to,〜によると,句（前置詞的）,According to the news.,
11,across,通りを横切る,前置詞／副詞,Walk across the street.,
12,action,行動する,名詞,Take action.,
13,activity,学校の活動,名詞,school activity,
14,actor,映画俳優,名詞,movie actor,
15,actually,実は／実際に,副詞,Actually,
16,add,足す,動詞,Add two numbers.,
17,address,住所／対処する,名詞／動詞,Write your address / address the issue,
18,advise,助言する／忠告する,動詞,Advise him to rest.,
19,affect,影響を与える,動詞,The weather affects mood,
20,afraid,怖がっている／〜を怖がる,形容詞,I am afraid of dogs.,
21,after,昼食の後に,前置詞／接続詞,after lunch,
22,after a while,しばらくして,句（副詞的）,After a while,
23,after all,結局,句（副詞的）,After all,
24,afternoon,午後,名詞,good afternoon,
25,again,もう一度試す,副詞,try again,
26,against,壁に対して／壁に向かって,前置詞,against the wall,
27,age,15歳で,名詞,at the age of 15,
28,ago,2年前,副詞,Two years ago.,
29,agree,賛成する,動詞,I agree with you,
30,agree with,〜に賛成する,句（動詞的）,I agree with the idea,
31,ahead,前へ,副詞,Go ahead,
32,air conditioner,エアコンをつける,名詞,Turn on the air conditioner.,
33,airplane,飛行機に乗る,名詞,Fly on an airplane.,
34,airport,空港へ行く,名詞,Go to the airport.,
35,alive,生きている,形容詞,He is alive.,
36,all,すべての生徒,形容詞／代名詞,all students,
37,all over,部屋中に,句（副詞的）,It’s all over the room.,
38,all the time,いつも,句（副詞的）,He talks all the time,
39,almost,ほとんど,副詞,Almost done,
40,alone,一人で／単独で,形容詞／副詞,He is alone / live alone.,
41,along,川沿いを歩く,前置詞／副詞,walk along the river,
42,already,すでに,副詞,I already finished,
43,also,も～,副詞,I also like music,
44,although,〜だけれども,接続詞,Although it rained,
45,always,いつも幸せ,副詞,always happy,
46,am,〜である,動詞（be動詞）,I am a student.,
47,amaze,驚かせる,動詞,It amazed me,
48,amazing,驚くべき,形容詞,An amazing story,
49,among,友人の間で,前置詞,Among friends.,
50,amount,量／合計〜になる,名詞／動詞,A large amount / amount to 100,
51,an,りんご一つ,冠詞,an apple,
52,ancient,古代の,形容詞,Ancient history.,
53,and,~と~,接続詞,you and I,
54,and so on,本など,句（副詞的）,books,
55,angle,角度,名詞,Measure the angle.,
56,angry,怒っている,形容詞,He looks angry.,
57,animal,野生動物,名詞,wild animal,
58,announce,発表する,動詞,Announce the result,
59,announcement,発表,名詞,Make an announcement,
60,another,もう一つの／別の,形容詞／代名詞,Another chance / another one.,
61,answer,答え／答える,名詞／動詞,Give an answer / Answer the question.,
62,any,どれでも／いずれか,形容詞／代名詞,Any book / any of them,
63,anyway, let’s start.,副詞,Anyway,
64,apologize,謝る,動詞,I apologize for being late.,
65,appear,現れる,動詞,A rainbow appeared.,
66,apple,赤いりんご,名詞,red apple,
67,apply,申し込む,動詞,Apply for a job,
68,April,4月,名詞（固有名詞）,April is the fourth month,
69,apron,キッチン用エプロン,名詞,kitchen apron,
70,are,〜である,動詞（be動詞）,They are happy.,
71,area,地域,名詞,quiet area,
72,arm,腕,名詞,Raise your arm.,
73,army,軍隊,名詞,Join the army,
74,around,〜の周りに／あたりを,前置詞／副詞,Around the park / look around,
75,arrest,逮捕する／逮捕,動詞／名詞,Arrest the thief / make an arrest,
76,arrive,到着する,動詞,I arrive at school at 8.,
77,arrive at,〜に到着する,句（動詞）,We arrived at the station.,
78,arrow,矢,名詞,A sharp arrow,
79,art,現代美術,名詞,modern art,
80,article,記事,名詞,Read the newspaper article.,
81,artistic,芸術的な,形容詞,An artistic photo,
82,as,〜として／〜のように,接続詞／前置詞,As you know / as a teacher.,
83,as a result,その結果,句（副詞的）,As a result,
84,as for,〜については,句（前置詞的）,As for me,
85,ashamed,恥ずかしい,形容詞,I feel ashamed,
86,ask,尋ねる,動詞,Ask a question.,
87,ask a favor,お願いしてもいいですか,句（動詞的）,Can I ask a favor?,
88,at,〜で,前置詞,At school,
89,at night,夜に,句（副詞的）,I study at night.,
90,ate,食べた,動詞（過去形）,I ate lunch,
91,attend,出席する,動詞,Attend the meeting,
92,audience,観客,名詞,A large audience,
93,August,8月は暑い,名詞（固有名詞）,August is hot,
94,aunt,おば,名詞,My aunt is kind.,
95,autumn,紅葉,名詞,autumn leaves,
96,awake,目覚めている／目覚めさせる,形容詞／動詞,I’m awake / awake the mind,
97,away,離れて,副詞,Go away.,
98,awesome,すごい,形容詞,That’s awesome!,
99,baby,赤ちゃん,名詞,A cute baby.,
100,back,戻って／後ろ／裏の,副詞／名詞／形容詞,Come back / sit at the back / back door,
101,bad,悪天候,形容詞,bad weather,
102,bag,通学かばん,名詞,school bag,
103,bake,焼く,動詞,Bake a cake,
104,ban,禁止する／禁止,動詞／名詞,Ban smoking / a travel ban,
105,barber,理容師,名詞,Go to the barber,
106,barrier,障壁,名詞,A language barrier.,
107,baseball,野球をする,名詞,play baseball,
108,bath,お風呂に入る,名詞,take a bath,
109,battery,電池,名詞,Charge the battery,
110,be,〜である／〜になる,動詞（原形）,Be careful.,
111,be about to,〜しようとしている,句（助動詞的）,I am about to leave.,
112,be afraid to,話すのが怖い,句（動詞的）,He is afraid to speak.,
113,be amazed at,〜に驚く,句（動詞的）,I was amazed at the view,
114,be different from,〜と違う,句（動詞的）,This is different from that,
115,be going to,〜するつもり,句（助動詞的）,I am going to study.,
116,be in danger of,〜の危険がある,句（動詞的）,We are in danger of losing it,
117,be interested in,〜に興味がある,句（動詞的）,I am interested in music.,
118,be ready for,〜の準備ができている,句（動詞的）,I’m ready for the test,
119,be satisfied with,〜に満足している,句（動詞的）,She is satisfied with the result,
120,beach,海へ行く,名詞,go to the beach,
121,bean,豆,名詞,I ate a red bean cake.,
122,bear,クマ／耐える,名詞／動詞,I saw a bear / I can't bear it,
123,beautiful,美しい,形容詞,a beautiful flower,
124,beauty,美しさ,名詞,Nature has beauty.,
125,because,〜だから,接続詞,I stayed home because it rained.,
126,because of,〜のせいで,句（前置詞的）,Because of the weather.,
127,become,〜になる,動詞,I want to become a doctor,
128,bed,ベッド,名詞,go to bed,
129,beef,牛肉,名詞,Eat beef,
130,beer,ビール,名詞,Drink beer.,
131,before,〜の前に／〜する前に,前置詞／接続詞／副詞,before dinner / before you go/I've seen it before.,
132,began,始めた,動詞（過去形）,He began to speak.,
133,begin,始める,動詞,Begin the test.,
134,begin to,〜し始める,句（動詞的）,Begin to study.,
135,beginner,初心者,名詞,A beginner in tennis,
136,beginning,始まり,名詞,At the beginning of the story,
137,behavior,行動,名詞,Good behavior matters,
138,behind,〜の後ろに／後ろで,前置詞／副詞,behind the door,
139,believe,信じる,動詞,I believe you.,
140,belong,属する,動詞,This book belongs to me,
141,below,〜の下に／下に,前置詞／副詞,Below the line / look below,
142,beside,〜のそばに,前置詞,Sit beside me.,
143,besides,〜のほかに／そのうえ,前置詞／副詞,Besides math,
144,best,最も良い／最高,形容詞／名詞,do your best / the best player,
145,better,より良い／より上手に,形容詞／副詞,Feel better / do better.,
146,between,〜の間に,前置詞,Between two buildings.,
147,beyond,〜を越えて／その先に,前置詞／副詞,Beyond the river / go beyond,
148,bicycle,自転車,名詞,ride a bicycle,
149,big,大きい,形容詞,a big house,
150,bike,自転車／自転車に乗る,名詞／動詞,ride a bike,
151,bill,請求書,名詞,Pay the bill.,
152,billion,10億,名詞,A billion dollars,
153,bird,鳥,名詞,a small bird,
154,birthday,誕生日,名詞,my birthday is in May,
155,bit,少し／ちょっと,名詞／副詞,A bit of sugar / wait a bit,
156,black,黒い／黒,形容詞／名詞,a black cat / the color black,
157,blind,目の不自由な／見えなくする,形容詞／動詞,A blind person.,
158,blood,血,名詞,Donate blood,
159,blow,吹く／打撃,動詞／名詞,Blow the candle / a strong blow,
160,blue,青い／青,形容詞／名詞,a blue sky / the color blue,
161,body,体,名詞,body and mind,
162,boil,沸かす／沸騰,動詞／名詞,Boil water / bring to a boil,
163,bomb,爆弾／爆撃する,名詞／動詞,A loud bomb / bomb the base,
164,book,本／予約する,名詞／動詞,read a book / book a ticket,
165,bookstore,本屋,名詞,go to the bookstore,
166,border,国境,名詞,A national border,
167,bored,退屈,形容詞,I feel bored.,
168,born,生まれた,動詞（過去分詞）,He was born in Tokyo,
169,borrow,借りる,動詞,borrow a pen,
170,both,両方の／両方,形容詞／代名詞,Both students / both of them.,
171,bother,困らせる／面倒,動詞／名詞,Don’t bother me / a small bother,
172,bought,買った,動詞（過去形）,I bought a new bag,
173,bowl,どんぶり／鉢,名詞,A bowl of rice,
174,box,箱,名詞,a cardboard box,
175,boy,男の子,名詞,a young boy,
176,brain,脳,名詞,Use your brain,
177,branch,枝,名詞,A tree branch,
178,brave,勇敢な,形容詞,A brave firefighter.,
179,bread,パン,名詞,eat bread,
180,break,壊す／休憩,動詞／名詞,Break the glass / take a break,
181,breakfast,朝ごはん,名詞,have breakfast,
182,breed,繁殖する／品種,動詞／名詞,Breed animals / a rare breed,
183,bridge,橋,名詞,Cross the bridge.,
184,bright,明るい,形容詞,A bright light.,
185,bring,本を持ってきて,動詞,Bring your book.,
186,brother,兄／弟,名詞,my brother is tall,
187,brown,茶色の／茶色,形容詞／名詞,a brown dog / the color brown,
188,brush,ブラシ／磨く,名詞／動詞,a hair brush / brush your teeth,
189,build,建てる,動詞,Build a house.,
190,building,建物,名詞,A tall building,
191,built,建てた,動詞（過去形）,They built a school.,
192,burden,負担／負担をかける,名詞／動詞,A heavy burden / burden the team,
193,burn,燃やす／やけど,動詞／名詞,Burn the paper / a burn mark,
194,business,ビジネス／事業,名詞,Start a business.,
195,busy,忙しい,形容詞,I am busy today,
196,but,しかし／〜だけれども,接続詞,I like it,
197,buy,買う,動詞,buy a gift,
198,by,〜のそばに／〜で（交通手段）／通り過ぎて,前置詞／副詞,y the window / by car / walk by / By train / Walk by.,
199,Bye for now,じゃあまたね,句（感嘆）,Bye for now!,
200,cake,ケーキ,名詞,eat a cake,
201,call,呼ぶ／電話,動詞／名詞,Call me / a phone call.,
202,call back,折り返し電話する,句（動詞的）,I'll call you back.,
203,calligraphy,書道,名詞,Practice calligraphy,
204,calm,穏やかな／落ち着く,形容詞／動詞,A calm day / calm down,
205,came,来た,動詞（過去形）,He came home,
206,can,〜できる,助動詞,I can swim,
207,cancer,がん,名詞,Fight cancer,
208,candle,ろうそく,名詞,Light a candle.,
209,cannot,〜できない,助動詞,I cannot go,
210,cap,帽子,名詞,a baseball cap,
211,capital,首都／大文字,名詞／形容詞,Tokyo is the capital / capital letters.,
212,capture,捕らえる／捕獲,動詞／名詞,Capture the moment / a dramatic capture,
213,car,車,名詞,drive a car,
214,carbon dioxide,二酸化炭素,名詞,Carbon dioxide causes warming.,
215,care,注意／気にかける,名詞／動詞,take care / I care about you,
216,career,職業／経歴,名詞,Choose a career.,
217,careful,注意深い,形容詞,be careful,
218,carefully,注意深く,副詞,Drive carefully.,
219,carpet,じゅうたん,名詞,A red carpet.,
220,carry,運ぶ,動詞,Carry the box.,
221,case,ケース／入れ物,名詞,A pencil case.,
222,cat,猫,名詞,a cute cat,
223,catch,捕まえる,動詞,Catch the ball.,
224,central,中心の,形容詞,A central station,
225,century,世紀,名詞,The 21st century.,
226,certain,確かな／ある特定の,形容詞,A certain answer,
227,certainly,確かに／もちろん,副詞,Certainly,
228,chain,鎖／チェーン,名詞,A gold chain.,
229,chair,椅子,名詞,sit on a chair,
230,change,変える／変化,動詞／名詞,Change clothes / climate change,
231,change trains,乗り換える,句（動詞的）,Change trains at Ueno.,
232,charge,充電する／料金,動詞／名詞,Charge the phone / a service charge,
233,cheap,安い,形容詞,A cheap meal,
234,check,確認する／調べる／検査／確認,動詞／名詞,Check the answer / a quick check / Check your bag / a health check.,
235,check out,調べる／借りる,句（動詞的）,Check out this book,
236,chemical,化学物質／化学の,名詞／形容詞,A dangerous chemical / chemical reaction,
237,chicken,鶏肉,名詞,eat chicken,
238,child,子ども,名詞,a small child,
239,childhood,子ども時代,名詞,My childhood was happy.,
240,children,子どもたち,名詞（複数）,children are playing,
241,China,中国,名詞（固有名詞）,China is a large country,
242,Chinese,中国の／中国人・中国語,形容詞／名詞,Chinese food / speak Chinese,
243,choose,選ぶ,動詞,Choose your favorite,
244,church,教会,名詞,Go to church.,
245,circle,円／丸をつける,名詞／動詞,Draw a circle / circle the word.,
246,citizen,市民,名詞,A Japanese citizen.,
247,city,都市／町,名詞,a big city,
248,class,授業／クラス,名詞,A math class,
249,classmate,クラスメート,名詞,my classmate is kind,
250,classroom,教室,名詞,The classroom is clean.,
251,clean,きれいな／掃除する,形容詞／動詞,A clean room / clean the desk,
252,clearly,はっきりと,副詞,Speak clearly.,
253,clerk,店員,名詞,The clerk helped me.,
254,clever,賢い,形容詞,A clever idea.,
255,climate,気候,名詞,Climate change is serious,
256,climb,登る,動詞,Climb the mountain.,
257,close,閉める／親しい,動詞／形容詞,Close the door / a close friend.,
258,cloth,布,名詞,A piece of cloth.,
259,clothes,服,名詞,Wash your clothes,
260,cloud,雲,名詞,A white cloud.,
261,cloudy,曇りの,形容詞,It's cloudy today.,
262,coal,石炭,名詞,Burn coal for energy,
263,coin,硬貨,名詞,A 100-yen coin.,
264,cold,寒い,形容詞,It's cold outside.,
265,collect,集める,動詞,Collect stamps.,
266,college,大学,名詞,Go to college,
267,colony,群れ／植民地,名詞,A bird colony,
268,colorful,色とりどりの,形容詞,A colorful painting,
269,come,来る,動詞,Come here.,
270,come from,〜出身である,句（動詞的）,I come from Tokyo.,
271,comedy,コメディ,名詞,A funny comedy.,
272,common,一般的な,形容詞,A common mistake.,
273,communicate,伝える／交流する,動詞,Communicate with others.,
274,company,会社,名詞,Work for a company.,
275,condition,状態／条件,名詞,A health condition,
276,conference,会議,名詞,Attend a conference.,
277,connect,つなぐ,動詞,Connect the dots,
278,consumer,消費者,名詞,A smart consumer,
279,contact,連絡／連絡する,名詞／動詞,Keep contact / contact me,
280,content,内容／満足している,名詞／形容詞,The content is useful / be content.,
281,continue,続ける,動詞,Continue reading.,
282,control,制御／操作する,名詞／動詞,Take control / control the robot,
283,convenience,便利,名詞,For your convenience.,
284,convenient,便利な,形容詞,A convenient app,
285,cook,料理する,動詞,I cook dinner.,
286,cool,涼しい,形容詞,It's cool in autumn.,
287,corner,角,名詞,Turn the corner.,
288,could,〜できた,助動詞,I could swim.,
289,Could you?,〜していただけますか,句（助動詞的）,Could you help me?,
290,country,国,名詞,Japan is a country.,
291,countryside,田舎,名詞,Live in the countryside,
292,couple,カップル／一組,名詞,A happy couple.,
293,courage,勇気,名詞,Show courage,
294,course,講座／コース,名詞,A cooking course,
295,cousin,いとこ,名詞,My cousin is kind.,
296,cover,覆う／表紙,動詞／名詞,Cover the pot / book cover,
297,cow,牛,名詞,A cow gives milk.,
298,crazy,ばかげた／狂った,形容詞,A crazy idea,
299,create,作る,動詞,Create a website.,
300,creative,創造的な,形容詞,A creative solution,
301,cross,渡る／十字,動詞／名詞,Cross the street / a red cross,
302,crowd,群衆／混雑する,名詞／動詞,A large crowd.,
303,cry,泣く／泣き声,動詞／名詞,Cry loudly / a baby’s cry,
304,cultural,文化の,形容詞,Cultural differences.,
305,culture,文化,名詞,Japanese culture.,
306,cup,カップ,名詞,A cup of tea.,
307,curious,好奇心旺盛な,形容詞,A curious child,
308,custom,習慣,名詞,A Japanese custom,
309,customer,顧客,名詞,A regular customer.,
310,custom-made,特注の,形容詞,A custom-made suit,
311,cut,切る／切り傷,動詞／名詞,Cut the paper / a deep cut.,
312,cute,かわいい,形容詞,A cute puppy.,
313,daily,毎日の／毎日,形容詞／副詞,A daily routine / check daily,
314,dam,ダム,名詞,A large dam,
315,damage,損害／損なう,名詞／動詞,Fire damage / damage the wall.,
316,dangerous,危険な,形容詞,A dangerous road,
317,date,日付,名詞,Today's date is July 7.,
318,daughter,娘,名詞,My daughter is kind,
319,day,日／1日,名詞,It's a sunny day.,
320,dead,死んだ／切れた,形容詞,A dead battery,
321,dear,親愛なる,形容詞,My dear friend.,
322,death,死,名詞,The death of a hero,
323,debate,討論／討論する,名詞／動詞,A school debate / debate the topic,
324,December,12月,名詞（固有名詞）,December is cold.,
325,decide,決める,動詞,Decide what to do.,
326,decide to,〜することを決める,句（動詞的）,I decided to go,
327,decision,決定,名詞,A big decision,
328,decrease,減らす／減少,動詞／名詞,Decrease the cost / a decrease in sales.,
329,deep,深い／深く,形容詞／副詞,A deep hole / breathe deep.,
330,definitely,確かに／間違いなく,副詞,It’s definitely true,
331,delicious,おいしい,形容詞,This cake is delicious.,
332,delivery,配達,名詞,Free delivery.,
333,depend,〜による,動詞,It depends on the weather,
334,depend on,〜に頼る,句（動詞的）,I depend on my team,
335,desert,砂漠／見捨てる,名詞／動詞,A hot desert / desert the post,
336,design,デザイン／設計する,名詞／動詞,A cool design / design a logo,
337,desk,机,名詞,My desk is brown.,
338,destroy,破壊する,動詞,Destroy the building,
339,develop,発達させる,動詞,Develop a skill.,
340,development,発展／開発,名詞,Urban development,
341,device,装置／機器,名詞,A smart device,
342,diary,日記,名詞,Write in your diary.,
343,dictionary,辞書,名詞,Use a dictionary.,
344,die,死ぬ,動詞,Flowers die in winter,
345,die out,絶滅する,句（動詞的）,Dinosaurs died out,
346,difference,違い,名詞,What’s the difference?,
347,different,違う,形容詞,Dogs and cats are different.,
348,difficult,難しい,形容詞,This question is difficult.,
349,dinner,夕食,名詞,We had dinner at 7.,
350,dinosaur,恐竜,名詞,A big dinosaur.,
351,directly,直接,副詞,Go directly home.,
352,disabled,障がいのある,形容詞,A disabled person.,
353,disagree,反対する,動詞,I disagree with you,
354,disappear,消える,動詞,The cat disappeared.,
355,disaster,災害,名詞,A natural disaster,
356,discover,発見する,動詞,Discover a new planet,
357,discrimination,差別,名詞,Stop discrimination,
358,discuss,話し合う,動詞,Discuss the issue,
359,discussion,議論,名詞,A group discussion,
360,disease,病気,名詞,A serious disease,
361,dish,皿,名詞,Wash the dishes.,
362,dislike,嫌い,動詞,I dislike math.,
363,do,する,動詞,I do my homework.,
364,do one's best,最善を尽くす,句（動詞）,I will do my best,
365,do well,うまくやる,句（動詞的）,She did well on the test,
366,doctor,医者,名詞,He is a doctor.,
367,dog,犬,名詞,My dog is small.,
368,doll,人形,名詞,She has a doll.,
369,domestic,家庭の／国内の,形容詞,Domestic animals,
370,donate,寄付する,動詞,Donate blood,
371,don't have to,〜する必要はない,句（助動詞的）,You don't have to come.,
372,door,ドア,名詞,Open the door.,
373,dot,点,名詞,A small dot,
374,down,下に／〜を下って,副詞／前置詞,Sit down / Go down the stairs.,
375,drama,ドラマ,名詞,I watched a drama.,
376,draw,描く,動詞,Draw a picture.,
377,dream,夢,名詞,I had a dream.,
378,drink,飲む,動詞,Drink water.,
379,drive,運転する／ドライブ,動詞／名詞,Drive a car / a long drive,
380,driver,運転手,名詞,He is a taxi driver,
381,drop,落とす／落下,動詞／名詞,Drop the ball / a sudden drop,
382,drop out,退学する,句（動詞的）,He dropped out of school,
383,drove,運転した,動詞（過去形）,She drove to work,
384,drum,ドラム,名詞,Play the drum.,
385,dry,乾いた／乾かす,形容詞／動詞,A dry towel / dry your hands.,
386,during,〜の間に,前置詞,During the summer.,
387,each,それぞれの／各自,形容詞／代名詞,Each student has a book.,
388,each other,お互い,代名詞,They help each other.,
389,ear,耳,名詞,My ear hurts.,
390,early,早い・早く,形容詞／副詞,An early train / get early,
391,earn,お金を稼ぐ,動詞, ,
392,Earth,地球,名詞,The Earth is round.,
393,earthquake,地震,名詞,A big earthquake,
394,easily,簡単に,副詞,She solved it easily.,
395,east,東／東の／東へ,名詞／形容詞／副詞,Go east / the east gate.,
396,easy,簡単な質問,形容詞,An easy question.,
397,eat,食べる,動詞,I eat lunch.,
398,eat out,外食する,句（動詞的）,Let’s eat out tonight,
399,ecosystem,生態系,名詞,Protect the ecosystem,
400,effective,効果的な,形容詞,An effective method,
401,effectively,効果的に勉強する,副詞,Study effectively.,
402,effort,努力,名詞,Make an effort.,
403,egg,卵,名詞,I like eggs.,
404,eight,8,数詞,He is eight years old.,
405,eighteen,18,数詞,She is eighteen.,
406,eighth,8番目,数詞,My birthday is the eighth.,
407,eighty,80,数詞,Eighty students came.,
408,elderly,高齢の／高齢者,形容詞／名詞,An elderly man / help the elderly.,
409,electricity,電気,名詞,Save electricity,
410,electronic,電子の,形容詞,Electronic music,
411,electronic device,電子機器,名詞,Use an electronic device,
412,elementary school,小学校,名詞,He goes to elementary school.,
413,elephant,象,名詞,An elephant is big.,
414,eleven,11,数詞,She is eleven.,
415,eleventh,11番目,数詞,Today is the eleventh.,
416,else,他に／他の,副詞／形容詞,Anything else? / someone else,
417,emergency,緊急事態,名詞,Call in an emergency,
418,employee,従業員,名詞,A company employee,
419,encourage,励ます,動詞,Encourage your friend,
420,encourage to ～,〜するように励ます,句（動詞的）,Encourage him to try,
421,end,終わり,名詞,The end of the story.,
422,endangered,絶滅危惧の,形容詞,An endangered species,
423,ending,結末,名詞,A happy ending,
424,enemy,敵,名詞,Fight the enemy,
425,engineer,技術者,名詞,He is an engineer,
426,English,英語,名詞,I study English.,
427,enjoy,楽しむ,動詞,I enjoy music.,
428,enough,十分な／十分に,形容詞／副詞,Enough time / sleep enough.,
429,enter,部屋に入る,動詞,Enter the room.,
430,entrance,入口,名詞,Use the main entrance.,
431,envelope,封筒に入れる,名詞,Put it in an envelope.,
432,environment,環境,名詞,Protect the environment,
433,era,時代,名詞,The Showa era,
434,eraser,消しゴム,名詞,Use an eraser.,
435,especially,特に,副詞,I like sushi especially tuna.,
436,establish,設立する,動詞,Establish a company,
437,evacuation,避難,名詞,Emergency evacuation,
438,evacuation drill,避難訓練,名詞,Practice an evacuation drill,
439,even,〜でさえ／偶数,副詞／形容詞,Even now / an even number.,
440,even if,たとえ〜でも,句（接続詞的）,Even if it rains,
441,evening,夕方,名詞,Good evening!,
442,event,行事／イベント,名詞,The school event is fun.,
443,eventually,やがて,副詞,Eventually,
444,ever,今までに,副詞,Have you ever been there?,
445,every,すべての,形容詞,Every student is here.,
446,every year,毎年,句（副詞的）,We travel every year,
447,everyone,みんな,代名詞,Everyone is happy.,
448,everything,すべて,代名詞,Everything is ready.,
449,everywhere,どこでも,副詞,Look everywhere.,
450,exam,試験,名詞,Take an exam,
451,example,例えば,名詞,For example,
452,exception,例外,名詞,That’s an exception.,
453,exchange,交換する／交換,動詞／名詞,Exchange ideas / a money exchange,
454,excited,わくわくしている,形容詞,I am excited.,
455,excuse,言い訳,名詞,That's a poor excuse.,
456,exercise,運動／運動する,名詞／動詞,Do morning exercise / exercise daily.,
457,exhibition,展示会,名詞,Visit the art exhibition.,
458,expensive,高価な,形容詞,This bag is expensive.,
459,experience,経験／経験する,名詞／動詞,A good experience / experience pain.,
460,explain,説明する,動詞,Explain the rule.,
461,extend,延長する,動詞,We’ll extend the deadline.,
462,extinction,絶滅,名詞,Dinosaurs faced extinction.,
463,extinguisher,消火器,名詞,Use a fire extinguisher.,
464,eye,目,名詞,My eye is blue.,
465,face,顔,名詞,Wash your face.,
466,facility,施設,名詞,A sports facility.,
467,fact,事実,名詞,It’s a scientific fact.,
468,factory,工場,名詞,A car factory.,
469,fail,落ちる,動詞,Fail the test.,
470,fall,落ちる／落下／秋,動詞／名詞,Leaves fall in autumn / Fall is a season / a sudden fall.,
471,fall down,転ぶ,句（動詞）,He fell down.,
472,family,家族,名詞,My family is big.,
473,famous,有名な,形容詞,He is a famous singer.,
474,fantastic,すばらしい,形容詞,That’s a fantastic idea!,
475,far,遠くへ／遠い,副詞／形容詞,Go far / a far country.,
476,farm,農場,名詞,Visit a farm.,
477,farmer,農家,名詞,My uncle is a farmer.,
478,fast,速い／速く,形容詞／副詞,He runs fast.,
479,fat,太った／脂肪,形容詞／名詞,A fat cat / lose fat.,
480,father,父,名詞,My father is tall.,
481,favorite,お気に入りの,形容詞,My favorite color is blue.,
482,feather,羽,名詞,A bird’s feather.,
483,feature,特徴／特集する,名詞／動詞,A special feature / feature this item.,
484,February,2月,名詞（固有名詞）,February is short.,
485,feedback,フィードバック／意見／反応,名詞,Give feedback.,
486,feel,感じる,動詞,I feel happy.,
487,feel free to,遠慮なく〜する,句（動詞的）,Feel free to ask questions.,
488,feel like ~ing,〜したい気分,句（動詞的）,I feel like sleeping.,
489,felt,感じた,動詞（過去形）,I felt sad.,
490,fence,フェンス／囲い,名詞,A white fence surrounds the house.,
491,festival,祭り,名詞,We have a summer festival.,
492,fever,熱,名詞,I have a fever.,
493,few,ほとんど〜ない,形容詞／代名詞,Few people came.,
494,fiction,フィクション／創作,名詞,I like science fiction.,
495,fifteen,15,数詞,She is fifteen.,
496,fifth,5番目,数詞,He is in the fifth grade.,
497,fifty,50,数詞,Fifty people joined.,
498,fight,戦う／けんか,動詞／名詞,Fight for peace / a big fight.,
499,fill,満たす／注ぐ,動詞,Fill the glass with water.,
500,film,映画／撮影する,名詞／動詞,Watch a film / film the scene.,
501,final,最後の／決勝,形容詞／名詞,The final exam / the soccer final.,
502,finally,最後に／ついに,副詞,Finally,
503,find,見つける,動詞,Find the answer.,
504,fine,元気な／問題ない,形容詞,I am fine.,
505,finger,指,名詞,Point with your finger.,
506,finish,終える／ゴール,動詞／名詞,Finish your homework / the finish line.,
507,fire,火／解雇する,名詞／動詞,Put out the fire / fire the employee.,
508,fire,火／発射する,名詞／動詞,Put out the fire / fire a gun.,
509,first,1番目／最初の,数詞／形容詞,My first trip,
510,first,最初の／最初に／1番目,形容詞／副詞／名詞,My first trip / come first / the first of May.,
511,fish,魚,名詞,I caught a fish.,
512,five,5,数詞,I have five pens.,
513,flat,平らな／アパート,形容詞／名詞,A flat surface / rent a flat.,
514,flight,飛行／便,名詞,Book a flight to Osaka.,
515,floor,床,名詞,The floor is clean.,
516,flour,小麦粉,名詞,Use flour to bake bread.,
517,flower,花,名詞,A red flower,
518,fly,飛ぶ／ハエ,動詞／名詞,Birds fly / a housefly.,
519,focus,集中する／焦点,動詞／名詞,Focus on your goal / lose focus.,
520,fold,折る／折り目,動詞／名詞,Fold the paper / a neat fold.,
521,follow,ついてくる／従う,動詞,Follow me.,
522,follower,フォロワー／支持者,名詞,She has many followers online.,
523,fond,〜が好き,形容詞,I’m fond of music.,
524,food,食べ物,名詞,I like Japanese food.,
525,fool,ばか／だます,名詞／動詞,Don't be a fool / He fooled me.,
526,foolish,愚かな,形容詞,A foolish mistake.,
527,foot,足,名詞,My foot hurts.,
528,for,〜のために,前置詞,This is for you.,
529,for example,例えば,句（副詞的）,For example,
530,for now,今のところ,句（副詞的）,Let’s stop here for now.,
531,for one thing,一つには,句（副詞的）,I’m tired—for one thing.,
532,for sale,売り物の,句（形容詞的）,This house is for sale.,
533,foreign,外国の,形容詞,Foreign languages,
534,forest,森,名詞,Walk in the forest.,
535,forget,忘れる,動詞,Don't forget your book.,
536,forth,前へ,副詞,Go forth with courage.,
537,fortunately,幸運にも／運よく,副詞,Fortunately  no one was hurt.,
538,forty,40,数詞,Forty students came.,
539,forward,前へ,副詞,Step forward.,
540,fossil,化石,名詞,Find a dinosaur fossil.,
541,fossil fuel,化石燃料,名詞,Fossil fuels cause pollution.,
542,found,見つけた／設立した,動詞（過去形）／動詞（設立する）,He found a coin / They founded a school.,
543,four,4,数詞,I have four cats.,
544,fourteen,14,数詞,She is fourteen.,
545,fourteenth,14番目／14日,数詞,Today is the fourteenth.,
546,fourth,4番目／4日,数詞／形容詞,He is in the fourth grade.,
547,fox,キツネ,名詞,A fox ran into the woods.,
548,free,無料の／自由に,形容詞／副詞,This app is free / free of charge.,
549,freedom,自由,名詞,Freedom of speech.,
550,freely,自由に,副詞,Speak freely.,
551,fresh,新鮮な,形容詞,Fresh vegetables are healthy.,
552,Friday,金曜日,名詞（固有名詞）,Friday is my favorite day.,
553,friend,親友,名詞,She is my best friend.,
554,friendly,親しみやすい,形容詞,A friendly neighbor.,
555,frog,カエル,名詞,A frog jumped into the pond.,
556,from,〜から／〜出身,前置詞,I am from Tokyo.,
557,from abroad,海外から,句（前置詞的）,He came from abroad.,
558,front,前／前の,名詞／形容詞,Stand in front / the front door.,
559,fruit,果物,名詞,I like fruit.,
560,full,いっぱいの,形容詞,A full glass.,
561,fun,楽しいこと／楽しい,名詞／形容詞,We had fun / a fun activity.,
562,functional,機能的な,形容詞,The design is simple and functional.,
563,funny,面白,形容詞,A funny story.,
564,future,未来,名詞,Think about the future.,
565,garage,ガレージ／車庫,名詞,Park the car in the garage.,
566,garbage,ゴミを出す,名詞,Take out the garbage.,
567,gas,ガス,名詞,Turn off the gas.,
568,gather,集める,動詞,Gather information.,
569,gave,与えた,動詞（過去形）,He gave me a gift.,
570,general,一般的な／将軍,形容詞／名詞,A general rule / a military general.,
571,gentle,穏やかな,形容詞,A gentle breeze.,
572,gently,優しく,副詞,Close the door gently.,
573,get,起きる／もらう／疲れる／得る,動詞,I get up at 6. / I get a present. / I get tired easily.,
574,get fired,解雇される,句（動詞的）,He got fired last week.,
575,get out,出る,句（動詞的）,Get out of the room!,
576,get over,乗り越える／回復する,句（動詞的）,She got over her cold.,
577,gift,贈り物,名詞,A birthday gift.,
578,girl,女の子,名詞,The girl is reading.,
579,give,与える,動詞,Give me your hand.,
580,given,与えられた／〜を考慮すると,形容詞／動詞（過去分詞）,Given the time / He was given a gift.,
581,glacier,氷河,名詞,A melting glacier.,
582,glad,うれしい,形容詞,I am glad to see you.,
583,go,行く,動詞,I go to school.,
584,go back,戻る,句（動詞的）,Go back to your seat.,
585,go by,過ぎる,句（動詞的）,Time goes by quickly.,
586,go on,続ける,句（動詞的）,Go on with your story.,
587,go out,外出する,句（動詞的）,Let's go out tonight.,
588,go through,通り抜ける,句（動詞的）,Go through the tunnel.,
589,god,神,名詞,They prayed to god.,
590,good,良い/良いこと,形容詞/名詞,She is a good student./Do good for others.,
591,got,得た／受け取った,動詞（過去形）,I got a letter.,
592,government,政府,名詞,The government made a decision.,
593,grade,成績／採点する,名詞／動詞,My grade improved / grade the test.,
594,graduate,卒業する／卒業生,動詞／名詞,I’ll graduate next year / a high school graduate.,
595,graduation,卒業,名詞,The graduation ceremony is in March.,
596,grand,壮大な,形容詞,A grand building.,
597,grandfather,祖父,名詞,My grandfather is 70.,
598,grandmother,祖母,名詞,My grandmother cooks well.,
599,grape,ぶどう,名詞,I ate a grape.,
600,graph,グラフ,名詞,Draw a graph.,
601,grass,草,名詞,Green grass grows.,
602,great,すばらしい／偉大な,形容詞／名詞,A great idea / the Great Wall.,
603,green,緑のりんご,形容詞／名詞,A green apple.,
604,grew,育った,動詞（過去形）,He grew up in Tokyo.,
605,ground,地面,名詞,Sit on the ground.,
606,grow,育つ／成長する,動詞,Plants grow quickly.,
607,growth,成長,名詞,Monitor your child’s growth.,
608,guess,推測する,動詞,Can you guess the answer?,
609,guest,客,名詞,A hotel guest.,
610,guide,案内人／案内する,名詞／動詞,A tour guide / guide the visitors.,
611,gun,銃,名詞,A toy gun.,
612,gym,体育館／ジム,名詞,Go to the gym.,
613,habit,習慣,名詞,Smoking is a bad habit.,
614,had,～した,動詞（過去形）,I had a dream.,
615,hair,髪,名詞,Brush your hair.,
616,half,半分／半日の,名詞／形容詞,Half of the cake / a half day.,
617,hall,ホール,名詞,Meet in the hall.,
618,hand,手／渡す,名詞／動詞,Raise your hand / hand me the book.,
619,hand out,配る,句（動詞的）,Hand out the papers.,
620,handle,扱う／取っ手,動詞／名詞,Handle with care / a door handle.,
621,happen,起こる,動詞,What happened?,
622,happily,幸せに,副詞,They lived happily.,
623,happiness,幸福,名詞,Happiness is important.,
624,happy,幸せ,形容詞,I am happy.,
625,hard,難しい/一生懸命,形容詞/副詞,A hard question./Study hard.,
626,has to,〜しなければならない,句（助動詞的）,He has to go.,
627,hat,帽子,名詞,Wear a hat.,
628,have,持つ／食べる／ある（症状）,動詞,I have a pen. / I have lunch at noon. / I have a headache.,
629,have to,〜しなければならない,句（助動詞的）,I have to study.,
630,he,彼,代名詞,He is my brother.,
631,head,頭,名詞,Touch your head.,
632,headache,頭痛,名詞,I have a headache.,
633,health,健康,名詞,Health is important.,
634,healthy,健康的な,形容詞,A healthy diet helps.,
635,hear,聞こえる,動詞,I hear music.,
636,hear of,〜のことを聞く,句（動詞的）,Have you heard of him?,
637,heard,聞いた,動詞（過去形）,I heard a strange sound.,
638,heart,心臓,名詞,My heart is beating fast.,
639,heat,熱／加熱する,名詞／動詞,The heat is intense / heat the soup.,
640,heaven,天国,名詞,Heaven is peaceful.,
641,heavy,重い,形容詞,A heavy bag.,
642,held,握った／持った,動詞（過去形）,She held my hand tightly.,
643,help,助ける／助け,動詞／名詞,Help me please / ask for help.,
644,helpful,役立つ,形容詞,A helpful tip.,
645,here,ここに来て,副詞,Come here.,
646,heritage,遺産,名詞,Cultural heritage.,
647,hers,彼女の,代名詞,This book is hers.,
648,herself,彼女自身,代名詞,She did it herself.,
649,high school,高校,名詞,He goes to high school.,
650,hill,丘,名詞,Climb the hill.,
651,him,彼を,代名詞,I saw him.,
652,himself,彼自身,代名詞,He did it himself.,
653,his,彼の,代名詞／形容詞,His name is Ken.,
654,history,歴史,名詞,I study history.,
655,hit,打つ／ヒット,動詞／名詞,Hit the ball / a big hit.,
656,hobby,趣味,名詞,My hobby is painting.,
657,hold,持つ／握る/保持,動詞/名詞,Hold my hand./A strong hold.,
658,hole,穴,名詞,A big hole.,
659,holiday,休日,名詞,Enjoy the holiday.,
660,holy,神聖な,形容詞,A holy place.,
661,homework,宿題,名詞,Do your homework.,
662,honest,正直な,形容詞,He is honest.,
663,honey,はちみつ,名詞,I like honey in tea.,
664,hope,願う,動詞／名詞,I hope you pass.,
665,hope to,〜したいと願う,句（動詞的）,I hope to visit Kyoto.,
666,hopeful,希望に満ちた,形容詞,She is hopeful about the results.,
667,horizon,地平線／水平線,名詞,The sun sets on the horizon.,
668,horror,ホラー,名詞,A horror movie.,
669,horse,馬,名詞,Ride a horse.,
670,hospital,病院,名詞,Go to the hospital.,
671,host,主催者／主催する,名詞／動詞,The host welcomed us / host a party.,
672,hot,暑い,形容詞,It is hot today.,
673,hour,1時間,名詞,It takes one hour.,
674,house,家,名詞,My house is big.,
675,how,～ですか,副詞,How are you?,
676,How about ~?,〜はどうですか？,句（疑問）,How about sushi for lunch?,
677,How about ~?,〜はどうですか,句（疑問）,How about pizza?,
678,How about ~?,ピザはどう？,句（疑問）,How about pizza?,
679,How about ~?,～はどう？,句（疑問）,How about sushi for lunch?,
680,How long ?,どれくらいの長さ？,句（疑問）,How long is the movie?,
681,How much ?,いくら？,句（疑問）,How much is this book?,
682,How much ~?,これはいくらですか？,句（疑問）,How much is this?,
683,how to,〜の方法,句（名詞的）,Learn how to swim.,
684,however,しかしながら／けれども,副詞／接続詞,However,
685,human,人間の／人間,形容詞／名詞,Human life is precious / a human being.,
686,human being,人間,名詞,A human being needs love.,
687,human rights,人権,名詞,We must protect human rights.,
688,hundred,100／100の,数詞,A hundred people came.,
689,hungry,空腹の／お腹がすいている,形容詞,I am hungry.,
690,hunt,狩る／狩り,動詞／名詞,Hunt animals / go on a hunt.,
691,hunting,狩猟,名詞,Hunting is dangerous.,
692,hurry,急ぐ／急ぎ,動詞／名詞,Hurry up / in a hurry.,
693,hurt,傷つける／傷ついた,動詞／形容詞,I hurt my leg / a hurt feeling.,
694,husband,夫,名詞,Her husband is kind.,
695,I,私,代名詞,I am a student.,
696,ice,氷,名詞,Put ice in the drink.,
697,idea,考え／アイデア,名詞,That's a good idea.,
698,if,もし〜なら,接続詞,If it rains,
699,ill,病気の,形容詞,He is ill.,
700,illegal,違法の,形容詞,That’s an illegal action.,
701,illiterate,読み書きできない／非識字者,形容詞／名詞,He is illiterate / help the illiterate.,
702,image,画像／イメージ,名詞,Show me the image.,
703,imagine,想像する,動詞,Imagine a better future.,
704,import,輸入する／輸入品,動詞／名詞,Japan imports oil / an important import.,
705,important,重要,形容詞,This is important.,
706,improve,向上させる,動詞,Improve your skills.,
707,in,～の中に,前置詞,In the box.,
708,in case of,〜の場合には／〜に備えて,句（前置詞的）,In case of fire,
709,in front of,〜の前に,句（前置詞的）,He stood in front of the school.,
710,in full,全額で,句（副詞的）,Pay in full.,
711,in season,旬で,句（副詞的）,Strawberries are in season.,
712,in the future,将来,句（副詞的）,I will go in the future.,
713,in the middle of,〜の真ん中で,句（前置詞的）,In the middle of the night.,
714,in the open air,屋外で／野外で,句（副詞的）,We ate lunch in the open air,
715,in those days,時は／その頃は,句（副詞的）,n those days,
716,include,含む,動詞,The price includes tax.,
717,increase,増える／増加,動詞／名詞,Increase your speed / a price increase.,
718,indeed,実に／確かに,副詞,Indeed,
719,independence,独立,名詞,They fought for independence.,
720,influence,影響／影響を与える,名詞／動詞,A strong influence / influence others.,
721,information,実に／確かに,名詞,Find the information.,
722,injure,傷つける,動詞,He injured his leg.,
723,inner,内面の,形容詞,Your inner thoughts matter.,
724,inside,中へ／〜の中に,副詞／前置詞,Go inside / inside the box.,
725,instead,代わりに,副詞,I’ll take tea instead.,
726,instead of,〜の代わりに,句（前置詞的）,Let’s walk instead of drive.,
727,instruction,指示,名詞,Follow the instructions.,
728,interdependent,相互依存の,形容詞,We live in an interdependent world.,
729,interest,興味／興味を持たせる,名詞／動詞,Show interest / the topic interests me.,
730,interested in,興味がある,句（形容詞的）,I am interested in music.,
731,interesting,面白い,形容詞,An interesting book.,
732,international,国際的な,形容詞,An international event.,
733,into,〜の中へ,前置詞,Go into the room.,
734,introduce,紹介する,動詞,Introduce yourself.,
735,invent,発明する,動詞,He invented a new tool.,
736,invention,発明,名詞,A great invention.,
737,inventor,発明家,名詞,Edison was a famous inventor.,
738,invite,招待する,動詞,Invite your friend.,
739,iron,鉄／アイロンをかける,名詞／動詞,Iron is heavy / iron the shirt.,
740,is,〜である,動詞（be動詞）,She is kind.,
741,island,島,名詞,Visit the island.,
742,it,それ／それは,代名詞,It is cute.,
743,its,それの／それのもの,代名詞／形容詞,Its color is red.,
744,January,1月,名詞（固有名詞）,January is cold.,
745,Japan,日本,名詞（固有名詞）,I live in Japan.,
746,Japanese,日本語／日本の,名詞／形容詞,I speak Japanese./Japanese food is tasty.,
747,jewel,宝石,名詞,She wore a beautiful jewel.,
748,job,仕事,名詞,He has a job.,
749,join,〜に加わる／〜に参加する／〜に入る,動詞,Join the club.,
750,joy,喜び,名詞,She danced with joy.,
751,judge,裁判官／判断する,名詞／動詞,The judge spoke / Don’t judge others.,
752,July,7月,名詞（固有名詞）,July is hot.,
753,jump,跳ぶ／ジャンプする,動詞,Jump high!,
754,June,6月,名詞（固有名詞）,June is rainy.,
755,junior,下級の／年下の,形容詞／名詞,He is a junior member.,
756,junior high school,中学校,名詞,She goes to junior high school.,
757,just,ちょうど／正当な,副詞／形容詞,Just now / a just decision.,
758,keep,保つ／守る,動詞,Keep your promise.,
759,kept,守った,動詞（過去形）,He kept his promise.,
760,key,鍵／重要な,名詞／形容詞,A house key / key point.,
761,kill,殺す／（時間を）つぶす,動詞,Kill time.,
762,kind,親切な／種類,形容詞／名詞,A kind person / a kind of fruit.,
763,kind(s) of ～,〜の種類,句（名詞的）,What kind of music?,
764,kindliness,優しさ,名詞,Her kindliness is touching.,
765,king,王,名詞,The king is powerful.,
766,kit,セット／道具一式,名詞,A first-aid kit.,
767,knee,ひざ,名詞,Bend your knee.,
768,knew,知っていた,動詞（過去形）,I knew the answer.,
769,knife,ナイフ,名詞,Use a knife.,
770,know,知っている,動詞,I know the answer.,
771,knowledge,知識,名詞,Gain knowledge.,
772,lake,湖,名詞,Swim in the lake.,
773,lamp,ランプ,名詞,Turn on the lamp.,
774,land,土地／着陸する,名詞／動詞,The land is wide / land a plane.,
775,language,言語,名詞,Learn a new language.,
776,large,大きい,形容詞,A large room.,
777,last,最後の／続く／最後に,形容詞／動詞／名詞,Last week / last long / at last.,
778,later,後で／のちに,副詞,See you later.,
779,latest,最新の／最新情報,形容詞／名詞,The latest news / the latest in fashion.,
780,laugh,導く／率いる／主役,動詞／名詞,Laugh loudly / a big laugh.,
781,law,法律,名詞,Follow the law.,
782,lawyer,弁護士,名詞,She is a lawyer.,
783,lazy,怠け者の,形容詞,He is lazy today.,
784,lead,導く／主役,動詞／名詞,Lead the team / a lead role.,
785,leaf,葉,名詞,A green leaf.,
786,learn,学ぶ,動詞,Learn English.,
787,leave,去る／出発する／休暇,動詞／名詞,Leave the house / take leave.,
788,left,去った／左,動詞（過去形）／形容詞,He left early / the left side.,
789,leg,足,名詞,My leg hurts.,
790,legacy,遺産／功績,名詞,He left a strong legacy.,
791,lend,貸す,動詞,Lend me your pen.,
792,less,より少ない／少ないもの,形容詞／副詞／代名詞,Less sugar / talk less / less of it.,
793,lesson,授業,名詞,Today's lesson is math.,
794,let,〜させる,動詞,Let me help you.,
795,let's,〜しよう,句（助動詞的）,Let's start!,
796,letter,手紙／文字,名詞,Write a letter.,
797,library,図書館,名詞,I go to the library.,
798,lie,横になる／うそ,動詞／名詞,Lie down / tell a lie.,
799,life,人生／命／生活,名詞,Life is beautiful./He has a happy life./Life is beautiful.,
800,light,光／軽い／火をつける,名詞／形容詞／動詞,Turn on the light / a light bag / light the fire.,
801,like,〜が好き/〜のように,動詞／前置詞／接続詞,I like music./He runs like a tiger.,
802,limited,限られた,形容詞,A limited offer.,
803,line,線／列／並べる,名詞／動詞,Draw a line / A long line / line the shelves.,
804,link,リンク／つなぐ,名詞／動詞,A web link / link the ideas.,
805,lip,唇,名詞,She smiled with red lips.,
806,list,リスト／一覧にする,名詞／動詞,A shopping list / list the items.,
807,listen,聞く,動詞,Listen to music.,
808,little,小さい／少しの／少し,形容詞／代名詞／副詞,A little dog / little of it / sleep a little.,
809,little by little,少しずつ,句（副詞的）,Improve little by little.,
810,live,住む／生きる,動詞,I live in Tokyo.,
811,local,地元の,形容詞,Local food is tasty.,
812,lonely,孤独な,形容詞,He feels lonely.,
813,long,長い／長く,形容詞／副詞,A long road / wait long,
814,long ago,昔,句（副詞的）,Long ago,
815,look,見る/見た目,動詞/名詞,Look at the sky./She has a nice look.,
816,look forward to ...,〜を楽しみにする,句（動詞）,I look forward to seeing you.,
817,lose,失う,動詞,Don't lose your key.,
818,loss,喪失／損失,名詞,He felt the loss deeply.,
819,lost,失った／迷子の,動詞（過去形）／形容詞,I lost my bag / a lost child,
820,loud,大きな／大きな声で,形容詞／副詞,A loud sound / speak loud.,
821,lovely,すてきな,形容詞,A lovely flower.,
822,low,低い／低く,形容詞／副詞,A low price / fly low.,
823,luck,運,名詞,Good luck!,
824,lucky,運がいい,形容詞,You’re lucky today.,
825,luggage,荷物,名詞,Carry your luggage.,
826,lullaby,子守唄,名詞,Sing a lullaby.,
827,lunch,昼食,名詞,I eat lunch at noon.,
828,machine,機械,名詞,A washing machine.,
829,made,作った,動詞（過去形）,He made a cake.,
830,magazine,雑誌,名詞,Read a magazine.,
831,make,作る,動詞,Make a plan.,
832,make all the difference,大きな違いを生む,句（動詞的）,Your help made all the difference.,
833,man,男の人,名詞,He is a kind man.,
834,many,たくさんの／多くの,形容詞／代名詞,Many people / many of them.,
835,map,地図,名詞,Look at the map.,
836,March,3月,名詞（固有名詞）,March is windy.,
837,mark,点数／印をつける,名詞／動詞,A high mark / mark the spot.,
838,market,市場,名詞,Go to the market.,
839,marry,結婚する,動詞,They will marry next year.,
840,match,試合／一致する,名詞／動詞,A soccer match / match the socks.,
841,math,数学,名詞,I study math.,
842,matter,問題／重要である,名詞／動詞,It doesn’t matter / a serious matter.,
843,May,5月,名詞（固有名詞）,May is warm.,
844,maybe,たぶん,副詞,Maybe it's true.,
845,mayor,市長,名詞,The mayor spoke.,
846,me,私に／私を,代名詞,Give me the book./He saw me.,
847,mean,意味する,動詞,What does this word mean?,
848,meaning,意味,名詞,What's the meaning?,
849,meant,意味した,動詞（過去形）,I meant no harm.,
850,measure,測る／対策,動詞／名詞,Measure the length / a safety measure.,
851,meat,肉,名詞,Eat meat.,
852,medicine,薬,名詞,Take medicine.,
853,medium,中間／中くらいの,名詞／形容詞,A medium size / a communication medium.,
854,meet,会う,動詞,Meet my friend.,
855,memory,記憶,名詞,I have a good memory.,
856,merchant,商人,名詞,A spice merchant.,
857,metal,金属,名詞,A piece of metal.,
858,middle,中央／中学校,名詞／形容詞,In the middle / middle school.,
859,midnight,真夜中,名詞,It’s midnight now.,
860,million,100万,数詞,A million stars.,
861,mind,心／気にする,名詞／動詞,Open your mind / I don’t mind.,
862,mine,私のもの,代名詞,This pen is mine.,
863,mini,小型の,形容詞,A mini car.,
864,mining,採掘,名詞,Coal mining is dangerous.,
865,minute,分／ちょっとの間,名詞,Wait a minute.,
866,mirror,鏡,名詞,Look in the mirror.,
867,miss,〜がいなくて寂しい,動詞,I miss my dog.,
868,mist,霧,名詞,A morning mist.,
869,mistake,間違い／間違える,名詞／動詞,A big mistake / mistake him for someone.,
870,misunderstand,誤解,動詞,Don't misunderstand me.,
871,mix,混ぜる／混合,動詞／名詞,Mix the colors / a mix of ideas.,
872,modern,現代的な,形容詞,A modern building.,
873,moment,瞬間,名詞,Just a moment.,
874,Monday,月曜日,名詞（固有名詞）,Monday is busy.,
875,money,お金,名詞,I need money.,
876,monkey,サル,名詞,A monkey is climbing.,
877,month,月,名詞,One month later.,
878,monthly,毎月の／毎月,形容詞／副詞,A monthly fee / pay monthly.,
879,moon,月,名詞,The moon is bright.,
880,more,もっと多くの／より〜に／より多くのもの,形容詞／副詞／代名詞,More time / more slowly / more of them.,
881,more and more,ますます,句（副詞的）,More and more people joined.,
882,more than,〜以上,句（前置詞的）,More than 100 students came.,
883,moreover,さらに,副詞,Moreover,
884,morning,朝,名詞,Good morning!,
885,most,ほとんどの／最も／ほとんど,形容詞／副詞／代名詞,Most students / most importantly / most of them.,
886,mother,母,名詞,My mother is kind.,
887,mountain,山,名詞,Climb a mountain.,
888,mouse,ネズミ,名詞,A small mouse.,
889,mouth,口,名詞,Open your mouth.,
890,move,動く／動き,動詞／名詞,Move quickly / a dance move.,
891,movement,運動,名詞,A peace movement.,
892,movie,映画,名詞,Watch a movie.,
893,much,たくさんの／とても,形容詞／副詞／代名詞,Much water / thank you very much,
894,museum,博物館,名詞,Visit the museum.,
895,music,音楽,名詞,I like music.,
896,musical,音楽の／ミュージカル,形容詞／名詞,A musical instrument / watch a musical.,
897,musician,音楽家,名詞,He is a musician.,
898,must,〜しなければならない,助動詞,You must study.,
899,must not,〜してはいけない,助動詞,You must not go.,
900,my,私の,代名詞／形容詞,My name is Ken.,
901,myself,自分で,代名詞,I did it myself.,
902,name,名前,名詞,What's your name?,
903,national,国の／全国的な,形容詞,National holiday,
904,natural,自然な,形容詞,A natural smile.,
905,nature,自然,名詞,I love nature.,
906,near,〜の近くに／近い,前置詞／形容詞,Near the station / a near place,
907,necessary,必要な,形容詞,It's necessary to rest.,
908,neck,首,名詞,Touch your neck.,
909,need,必要とする／必要性,動詞／名詞,I need help./A need for change,
910,negative,否定的な／陰性,形容詞／名詞,A negative answer / test negative.,
911,neighbor,隣人,名詞,My neighbor is kind.,
912,neither,どちらも〜ない,代名詞／副詞,Neither is correct / neither came.,
913,nest,巣,名詞,A bird's nest.,
914,net,網,名詞,A fishing net.,
915,never,決して〜ない,副詞,I never forget.,
916,new,新しい,形容詞,A new book,
917,newspaper,新聞,名詞,Read the newspaper.,
918,next-door,隣の／隣に,形容詞／副詞,My next-door neighbor,
919,nice,すてきな,形容詞,A nice day,
920,night,夜,名詞,Good night!,
921,nine,9,数詞,Nine students came.,
922,nineteen,19,数詞,She is nineteen.,
923,ninety,90,数詞,Ninety people joined.,
924,ninth,9番目,数詞,Today is the ninth.,
925,noise,騒音,名詞,There is a lot of noise.,
926,noisy,うるさい,形容詞,A noisy street.,
927,noon,正午,名詞,Lunch at noon,
928,north,北／北の／北へ,名詞／形容詞／副詞,North wind is strong.,
929,nose,鼻,名詞,Touch your nose,
930,not,まだ〜ない,副詞,Not yet,
931,not always,いつも〜とは限らない,句（副詞的）,That’s not always true.,
932,not at all,まったく〜ない,句（副詞的）,Not at all!,
933,not only but also ～,〜だけでなく〜も,句（構文）,Not only you but also I agree.,
934,note,メモ／注意,名詞／動詞,A short note / note the change.,
935,notebook,ノート,名詞,Write in your notebook,
936,nothing,何も〜ない,代名詞,Nothing is impossible.,
937,November,11月,名詞（固有名詞）,November is cool.,
938,nuclear,原子力の,形容詞,Nuclear energy is powerful.,
939,nuclear power,原子力発電,名詞,Nuclear power is controversial.,
940,number,番号,名詞,What's your number?,
941,nurse,看護師,名詞,She is a nurse.,
942,ocean,海,名詞,Swim in the ocean.,
943,October,10月,名詞（固有名詞）,October is dry.,
944,of,〜の,前置詞,A cup of tea.,
945,of course,もちろん,句（副詞的）,Of course I will help.,
946,office,事務所／オフィス,名詞,Go to the office.,
947,often,よく,副詞,I often go there.,
948,oil,油,名詞,Cook with oil.,
949,old,古い／年配の人々,形容詞／名詞,An old house/The old and the young.,
950,on,〜の上に,前置詞,On the table,
951,on the way,今向かっているところ,句（副詞的）,I’m on the way now.,
952,once, go home.,副詞／接続詞,I once lived in Osaka / Once you finish,
953,one,1／1つ,数詞／代名詞,One apple / one of them,
954,one by one,一人ずつ,句（副詞的）,They entered one by one.,
955,only,ただ〜だけ／唯一の,副詞／形容詞,Only you / the only way,
956,open,開ける／開いている,動詞／形容詞,Open the door / an open space,
957,operation,手術／操作,名詞,The operation was successful.,
958,opinion,意見,名詞,What's your opinion?,
959,or,〜または,接続詞,Tea or coffee?,
960,order,注文／注文する,名詞／動詞,Place an order / order food.,
961,ordinary,普通の,形容詞,An ordinary day.,
962,originally,もともとは,副詞,It was originally blue.,
963,other,他の／もう一方の,形容詞／代名詞,Other people / the other one,
964,our,私たちの,代名詞／形容詞,Our school,
965,ours,私たちのもの,代名詞,This is ours.,
966,out,外へ／〜の外に,副詞／前置詞,Go out / out of the box,
967,outside,外で／〜の外に,副詞／前置詞,Play outside / outside the room,
968,over,〜を越えて／向こうに,前置詞／副詞,Jump over / over there,
969,over here,こちらへ,句（副詞的）,Come over here!,
970,overseas,海外で／海外の,副詞／形容詞,Study overseas / overseas students.,
971,own,自分自身の／所有する／自分で,形容詞／動詞／代名詞,My own idea / own a car / on my own.,
972,paid,支払った／有料の,動詞（過去形）／形容詞,I paid yesterday / a paid service.,
973,pain,痛み,名詞,I feel pain in my leg.,
974,paint,塗る／塗料,動詞／名詞,Paint the wall / buy paint.,
975,painter,画家,名詞,She is a famous painter.,
976,painting,絵／絵画,名詞,A beautiful painting,
977,pair,一対／一組,名詞,A pair of shoes.,
978,pal,友達,名詞,He is my pal.,
979,palace,宮殿,名詞,Visit the royal palace.,
980,pale,青白い,形容詞,She looks pale.,
981,paper,紙,名詞,A piece of paper.,
982,paper crane,折り鶴,名詞,I folded a paper crane.,
983,parent,親,名詞,My parent is strict.,
984,park,公園,名詞,Go to the park.,
985,parking lot,駐車場,名詞,Park in the parking lot.,
986,part,部分,名詞,A part of the book.,
987,pass,渡す／峠,動詞／名詞,Pass the ball / a mountain pass.,
988,pass by,通り過ぎる,句（動詞的）,I saw her pass by.,
989,past,過去／過去の／〜を過ぎて,名詞／形容詞／前置詞,In the past / past events / past midnight.,
990,pay,支払う／給料,動詞／名詞,Pay the bill / equal pay.,
991,peace,平和,名詞,We want world peace.,
992,peaceful,穏やかな,形容詞,A peaceful morning.,
993,pencil,鉛筆,名詞,Use a pencil,
994,people,人々,名詞,Many people came.,
995,perfect,完璧な,形容詞,A perfect score.,
996,perform,演じる／演奏する,動詞,Perform on stage,
997,perhaps,たぶん,副詞,Perhaps he’s right.,
998,period,期間,名詞,A short period,
999,person,人,名詞,He is a kind person.,
1000,personal,個人的な,形容詞,This is my personal opinion.,
1001,photograph,写真／写真を撮る,名詞／動詞,Take a photograph / photograph the scene.,
1002,pick,選ぶ,動詞,Pick a card.,
1003,picture,絵／写真,名詞,Draw a picture.,
1004,piece,一切れ／一部,名詞,A piece of cake.,
1005,pig,ブタ,名詞,A pig is in the farm.,
1006,place,場所,名詞,This is a nice place.,
1007,plan,計画／計画する,名詞／動詞,Make a plan / I plan to go.,
1008,plane,飛行機,名詞,I flew on a plane.,
1009,planet,惑星,名詞,Earth is a planet.,
1010,plant,植物／植える,名詞／動詞,A green plant / plant a tree.,
1011,plastic bag,ビニール袋,名詞,Bring a plastic bag.,
1012,plate,皿,名詞,A dinner plate.,
1013,play,遊ぶ／演奏する／劇／演劇,動詞／名詞,Play soccer / Play the piano / a school play / a drama play,
1014,player,選手,名詞,He is a soccer player.,
1015,playful,遊び好きな,形容詞,A playful puppy.,
1016,please, please.,動詞／感嘆,Please help me / Yes,
1017,pleased,うれしい,形容詞,I’m pleased to meet you.,
1018,pleasure,喜び／光栄,名詞,It's my pleasure.,
1019,pm,午後,名詞,2:00 PM,
1020,poem,詩,名詞,Write a short poem.,
1021,poet,詩人,名詞,She is a famous poet.,
1022,point,要点／指す,名詞／動詞,A good point / point to the map.,
1023,police,警察,名詞,Call the police.,
1024,police officer,警察官,名詞,A police officer helped me.,
1025,policeman,警官,名詞,A policeman stopped the car.,
1026,pond,池,名詞,A small pond.,
1027,poor,貧しい,形容詞,A poor man.,
1028,popular,人気のある,形容詞,She is popular.,
1029,populous,人口の多い,形容詞,Tokyo is a populous city.,
1030,pork,豚肉,名詞,I ate pork for lunch.,
1031,port,港,名詞,Arrive at the port.,
1032,positive,肯定的な,形容詞,A positive answer.,
1033,possible,可能な,形容詞,Is it possible?,
1034,practice,練習／実践する,名詞／動詞,Practice English / daily practice,
1035,precious,貴重な,形容詞,A precious memory.,
1036,prepared,準備ができた,形容詞,I’m prepared for the test.,
1037,preserve,保護する,動詞,Preserve nature.,
1038,president,社長／大統領,名詞,He is the president of the company.,
1039,pretty,かわいい／かなり,形容詞／副詞,A pretty flower / pretty fast.,
1040,price,値段,名詞,What’s the price?,
1041,prince,王子,名詞,The prince arrived.,
1042,print,印刷する／印刷,動詞／名詞,Print the page / a clear print.,
1043,prize,賞,名詞,She won a prize.,
1044,probably,たぶん,副詞,He’ll probably come.,
1045,problem,問題,名詞,This is a big problem.,
1046,produce,生産する／農産物,動詞／名詞,Produce food / local produce.,
1047,product,製品,名詞,A new product.,
1048,professor,教授,名詞,Talk to the professor.,
1049,progress,進歩／進む,名詞／動詞,Make progress / progress slowly.,
1050,promise,約束／約束する,名詞／動詞,Keep your promise / I promise.,
1051,protect,守る,動詞,Protect the environment.,
1052,protest,抗議／抗議する,名詞／動詞,A loud protest / protest the rule.,
1053,pull,引く／引っ張り,動詞／名詞,Pull the door / a strong pull.,
1054,purple,紫の／紫色,形容詞／名詞,A purple flower.,
1055,pursue,追求する,動詞,Pursue your dream.,
1056,push,押す／押し,動詞／名詞,Push the button / give a push.,
1057,put,置く,動詞,Put it on the table.,
1058,quarter,4分の1,名詞,A quarter of the cake.,
1059,queen,女王,名詞,The queen is kind.,
1060,question,質問／疑問を持つ,名詞／動詞,Ask a question / question the rule,
1061,quick,速い,形容詞,A quick answer.,
1062,quickly,素早く,副詞,Run quickly.,
1063,quiet,静かな,形容詞,Be quiet.,
1064,quietly,静かに,副詞,She left quietly.,
1065,quite,かなり,副詞,It’s quite easy.,
1066,rabbit,ウサギ,名詞,A white rabbit.,
1067,race,競争／競争する,名詞／動詞,A bike race / race to the goal.,
1068,radiation,放射線,名詞,Too much radiation is harmful.,
1069,railway,鉄道,名詞,Take the railway.,
1070,rain,雨／雨が降る,名詞／動詞,Heavy rain / It will rain tomorrow.,
1071,rainwater,雨水,名詞,Collect rainwater.,
1072,rainy,雨の,形容詞,It's rainy today.,
1073,raise,上げる／昇給,動詞／名詞,Raise your hand / a salary raise.,
1074,rapidly,急速に,副詞,Prices are rising rapidly.,
1075,rat,ネズミ,名詞,A rat ran away.,
1076,raw,生の,形容詞,Raw fish is used in sushi.,
1077,reach,届く／到達,動詞／名詞,Reach the top / out of reach.,
1078,read,読む,動詞,I read a book.,
1079,reading,読書／読んでいる,名詞／動詞,Reading is fun / I am reading.,
1080,ready,準備,形容詞,I’m ready to go.,
1081,real,本物の,形容詞,Is this real?,
1082,realize,気づく／理解する,動詞,I realized my mistake.,
1083,really,本当に,副詞,I really like it.,
1084,reason,理由,名詞,What’s the reason?,
1085,receive,受け取る,動詞,Receive a gift.,
1086,recently,最近,副詞,I saw him recently.,
1087,recognize,認識する／見分ける,動詞,I didn’t recognize her.,
1088,red,赤い／赤,形容詞／名詞,A red apple / the color red,
1089,relate,関係する,動詞,The story relates to history.,
1090,relate to ～,〜に関係する,句（動詞的）,This book relates to culture.,
1091,relation,関係,名詞,A strong relation between them.,
1092,relationship,関係,名詞,They have a good relationship.,
1093,relatively,比較的,副詞,It’s relatively easy.,
1094,release,放す／公開,動詞／名詞,Release the bird / a new release.,
1095,remember,覚えておく,動詞,Remember to bring your book.,
1096,remind,思い出させる,動詞,Remind me tomorrow.,
1097,remove,取り除く,動詞,Remove the sticker.,
1098,renewable,再生可能な,形容詞,Use renewable energy.,
1099,reply,返事する／返事,動詞／名詞,Reply to the email / a quick reply,
1100,report,報告／報告する,名詞／動詞,Write a report / report the news.,
1101,research,研究／調査する,名詞／動詞,Do research / research the topic,
1102,researcher,研究者,名詞,A medical researcher.,
1103,reservation,予約,名詞,Make a reservation.,
1104,resident,住民,名詞,A resident of Tokyo.,
1105,resource,資源,名詞,Natural resources are limited.,
1106,respect,尊敬／尊敬する,名詞／動詞,Show respect / respect your teacher.,
1107,rest,休憩／休む,名詞／動詞,Take a rest / rest for a while,
1108,result,結果／〜という結果になる,名詞／動詞,The result was good / It resulted in success,
1109,return,戻る／返却,動詞／名詞,Return home / a quick return,
1110,rhyme,韻／韻を踏む,名詞／動詞,A simple rhyme / rhyme with “time”.,
1111,rhythm,リズム,名詞,Feel the rhythm.,
1112,rice,ごはん／米,名詞,I eat rice.,
1113,rich,裕福な,形容詞,A rich man.,
1114,ride,乗る／乗ること,動詞／名詞,Ride a bike / a long ride,
1115,right,正しい／右／正解／権利,形容詞／副詞／名詞,Turn right / the right answer / human rights / right decision,
1116,right away,すぐに,句（副詞的）,Come here right away.,
1117,ring,指輪／鳴らす,名詞／動詞,A gold ring / ring the bell,
1118,rise,昇る／上昇,動詞／名詞,The sun rises / a rise in prices,
1119,river,川,名詞,Swim in the river.,
1120,road,道路,名詞,A long road.,
1121,rock,岩／揺らす,名詞／動詞,A big rock / rock the boat,
1122,rode,乗った,動詞（過去形）,He rode a horse.,
1123,role,役割,名詞,Play a role.,
1124,roof,屋根,名詞,Fix the roof.,
1125,room,部屋,名詞,My room is clean.,
1126,root,根／応援する,名詞／動詞,Tree roots / root for the team.,
1127,rose,バラ／昇った,名詞／動詞,A red rose / He rose early.,
1128,round,丸い／ラウンド／四捨五入する,形容詞／名詞／動詞,A round table / the next round / round the number.,
1129,row,列／こぐ,名詞／動詞,A row of chairs / row a boat,
1130,rule,規則／支配する,名詞／動詞,A school rule / rule the country,
1131,ruler,定規,名詞,Use a ruler.,
1132,run,走る／走り,動詞／名詞,Run fast / a short run,
1133,run away,逃げる,句（動詞的）,The dog ran away,
1134,run out of,〜を使い果たす,句（動詞的）,We ran out of milk,
1135,rush,急ぐ／混雑,動詞／名詞,Rush to school / a morning rush,
1136,sacred,神聖な,形容詞,A sacred place.,
1137,sad,悲しい,形容詞,I feel sad.,
1138,safely,安全に,副詞,Drive safely,
1139,said,言った,動詞（過去形）,He said hello,
1140,sailor,船乗り,名詞,He is a sailor.,
1141,salad,サラダ,名詞,I ate a salad.,
1142,salt,塩／塩を加える,名詞／動詞,Add salt / salt the soup,
1143,same,同じ／同様の,形容詞／代名詞,The same idea / same as before,
1144,satisfy,満足させる,動詞,This meal satisfies me,
1145,Saturday,土曜日,名詞（固有名詞）,Saturday is fun.,
1146,save,節約する／保存する,動詞／名詞,Save money / a big save,
1147,saw,見た,動詞（過去形）,I saw a movie.,
1148,say,言う,動詞,What did you say?,
1149,scared,怖がっている,形容詞,I’m scared of dogs,
1150,scary,怖い,形容詞,A scary movie.,
1151,school,学校,名詞,I go to school.,
1152,science,科学,名詞,I study science.,
1153,scientist,科学者,名詞,She is a scientist.,
1154,sea,海,名詞,Swim in the sea.,
1155,season,季節,名詞,Spring is my favorite season.,
1156,seasonal,季節の,形容詞,Seasonal fruits are fresh,
1157,second,2番目／秒／賛成する,数詞／名詞／動詞,The second day / wait a second / second the idea,
1158,secret,秘密／秘密の,名詞／形容詞,Keep a secret / a secret plan,
1159,see,見る／見える／またね,動詞,I see a bird / See you later / Can you see it?,
1160,seem,〜のように見える,動詞,It seems easy,
1161,select,選ぶ,動詞,Select your favorite.,
1162,selection,選択肢,名詞,A wide selection.,
1163,sell,売る,動詞,Sell apples.,
1164,send,送る,動詞,Send a message.,
1165,senior,上級の／年長者,形容詞／名詞,A senior student / talk to a senior,
1166,sense,感覚／感じる,名詞／動詞,A good sense / I sensed danger.,
1167,sent,送った,動詞（過去形）,She sent a letter,
1168,sentence,文,名詞,A short sentence.,
1169,September,9月,名詞（固有名詞）,September is cool.,
1170,serious,深刻な,形容詞,A serious problem.,
1171,set,置く／セット,動詞／名詞,Set the table / a TV set.,
1172,seven,7,数詞,Seven students came.,
1173,seventeen,17,数詞,She is seventeen.,
1174,seventy,70,数詞,Seventy people joined.,
1175,severe,厳しい／激しい,形容詞,Severe weather.,
1176,shade,日陰／影をつける,名詞／動詞,Sit in the shade / shade the drawing,
1177,shadow,影,名詞,A long shadow.,
1178,shake,振る／揺れ,動詞／名詞,Shake the bottle / a strong shake,
1179,shaking,揺れ／握手する,名詞／動詞,The shaking stopped / shaking hands,
1180,shape,形／形作る,名詞／動詞,A round shape / shape the clay,
1181,share,分ける／分け前,動詞／名詞,Share the cake / a fair share,
1182,she,彼女,代名詞,She is my sister.,
1183,sheep,羊,名詞,A sheep is sleeping.,
1184,shelter,避難所／保護する,名詞／動詞,Find shelter / shelter the animals,
1185,ship,船,名詞,A big ship.,
1186,shirt,シャツ,名詞,Wear a white shirt,
1187,shoe,靴,名詞,Wear shoes.,
1188,shoot,撃つ／シュート,動詞／名詞,Shoot the ball / a clean shoot,
1189,shop,店／買い物する,名詞／動詞,Go to the shop / shop online,
1190,shopping,買い物,名詞,I like shopping.,
1191,short,短い,形容詞,A short story.,
1192,should,〜すべき,助動詞,You should study.,
1193,shoulder,肩,名詞,Touch your shoulder.,
1194,shout,叫ぶ／叫び,動詞／名詞,Shout loudly / a loud shout,
1195,show,見せる／番組,動詞／名詞,Show me / a TV show,
1196,shy,恥ずかしがり屋の,形容詞,He is shy.,
1197,sick,気分が悪い／病気の,形容詞,I feel sick.,
1198,side,側／側面の,名詞／形容詞,The left side / side door,
1199,sidewalk,歩道,名詞,Walk on the sidewalk,
1200,sight,光景／視界,名詞,A beautiful sight.,
1201,sign,標識／署名する,名詞／動詞,A stop sign / sign your name,
1202,signal,信号／合図する,名詞／動詞,A red signal / signal the start,
1203,silent,静かな,形容詞,Be silent in class,
1204,silk,絹,名詞,A silk dress,
1205,silver,銀／銀色の,名詞／形容詞,A silver ring / silver hair,
1206,similar,似ている,形容詞,These are similar.,
1207,simple,簡単な,形容詞,A simple answer,
1208,since,〜以来／〜から,接続詞／前置詞,Since yesterday / since 2020,
1209,sing,歌う,動詞,Sing a song.,
1210,singer,歌手,名詞,She is a singer.,
1211,sink,沈む／流し,動詞／名詞,The boat sank / a kitchen sink,
1212,sister,姉／妹,名詞,My sister is kind.,
1213,sit,座る,動詞,Sit down.,
1214,site,場所／現場,名詞,A construction site,
1215,six,6,数詞,Six cats,
1216,sixteen,16,数詞,She is sixteen.,
1217,sixth,6番目,数詞,Today is the sixth.,
1218,sixty,60,数詞,Sixty students came.,
1219,skill,技術／スキル,名詞,A useful skill.,
1220,sky,空,名詞,The sky is blue,
1221,sleep,眠る／睡眠,動詞／名詞,I sleep at 10 / get enough sleep,
1222,sleep,眠る,動詞,I sleep at 10.,
1223,sleepy,眠い,形容詞,I feel sleepy,
1224,slowly,ゆっくり,副詞,Walk slowly.,
1225,small,小さい,形容詞,A small dog.,
1226,smell,においをかぐ／におい,動詞／名詞,Smell the flowers / a nice smell,
1227,smile,笑顔／微笑む,名詞／動詞,Her smile / smile at me,
1228,smoke,煙／喫煙する,名詞／動詞,Black smoke / smoke outside,
1229,snake,ヘビ,名詞,A snake is long.,
1230,snow,雪／雪が降る,名詞／動詞,Snow is falling / I like snow.,
1231,snowy,雪の,形容詞,It's snowy today.,
1232,so,だから／とても,接続詞／副詞,So I stayed / so fast.,
1233,so far,今のところ／これまでのところ,句（副詞的）,So far,
1234,so that ～,〜するために,句（接続詞的）,I studied so that I could pass,
1235,society,社会,名詞,A peaceful society.,
1236,soft,柔らかい,形容詞,A soft pillow.,
1237,soil,土,名詞,Plant in the soil,
1238,sold,売った,動詞（過去形）,He sold his bike,
1239,solve,解決する,動詞,Solve the problem,
1240,some,いくつかの／何人か,形容詞／代名詞,Some people / some of them,
1241,somehow,どうにかして,副詞,I’ll fix it somehow,
1242,someone,誰か,代名詞,Someone is calling,
1243,something,何か,代名詞,I want something sweet.,
1244,sometime,いつか,副詞,Let’s meet sometime.,
1245,sometimes,ときどき,副詞,I sometimes run.,
1246,somewhere,どこかで／どこか,副詞／代名詞,Let’s go somewhere / somewhere quiet,
1247,son,息子,名詞,My son is five,
1248,song,歌,名詞,Sing a song.,
1249,soon,すぐに,副詞,See you soon.,
1250,sorry,ごめんなさい／申し訳ない,形容詞／感嘆,I'm sorry / Sorry!,
1251,sort,種類／分類する,名詞／動詞,A sort of fruit / sort the files,
1252,sound,音／聞こえる,名詞／動詞,A loud sound / It sounds good.,
1253,soup,スープ,名詞,I eat soup.,
1254,south,南／南の／南へ,名詞／形容詞／副詞,South Japan is warm.,
1255,speak,話す,動詞,I speak English.,
1256,special,特別な,形容詞,A special gift.,
1257,species,種（しゅ）,名詞,A rare species,
1258,specific,具体的な,形容詞,A specific reason.,
1259,speech,スピーチ,名詞,Give a speech.,
1260,spell,つづる,動詞,Spell your name.,
1261,spelling,つづり,名詞,Check your spelling,
1262,spend,過ごす,動詞,Spend time with family.,
1263,spice,香辛料,名詞,Add spice to the dish.,
1264,spoke,話した,動詞（過去形）,He spoke clearly.,
1265,spread,広げる／広がり,動詞／名詞,Spread butter / the spread of fire,
1266,spring,春／跳ねる,名詞／動詞,Spring is warm / spring forward,
1267,square,広場／四角い,名詞／形容詞,A public square / a square table,
1268,stamp,切手／踏み鳴らす,名詞／動詞,Put a stamp / stamp your foot.,
1269,stand,立つ／台,動詞／名詞,Stand up / a book stand,
1270,stand up,立ち上がる,句（動詞的）,Stand up straight,
1271,standard,基準／標準の,名詞／形容詞,A high standard / standard size,
1272,star,星,名詞,A bright star.,
1273,station,駅,名詞,Go to the station.,
1274,stationery,文房具,名詞,Buy some stationery,
1275,statue,像,名詞,A statue of liberty,
1276,stay,滞在する／滞在,動詞／名詞,Stay here / a short stay,
1277,steam,蒸気／蒸す,名詞／動詞,Hot steam / steam the vegetables,
1278,step,一歩／踏み出す,名詞／動詞,A big step / step forward,
1279,stick,棒／くっつく,名詞／動詞,A long stick / stick to the plan,
1280,still,まだ／静かな,副詞／形容詞,He is still here / a still lake.,
1281,stone,石,名詞,A small stone.,
1282,stop,止める／停留所,動詞／名詞,Stop talking / a bus stop,
1283,store,店／保管する,名詞／動詞,A big store / store your books,
1284,story,物語,名詞,A short story.,
1285,straight,まっすぐな／まっすぐに,形容詞／副詞,Go straight / a straight line.,
1286,strange,奇妙な,形容詞,A strange sound.,
1287,stranger,見知らぬ人,名詞,Don’t talk to strangers,
1288,street,通り,名詞,Walk down the street.,
1289,strict,厳しい,形容詞,A strict teacher,
1290,strike,打つ／ストライキ,動詞／名詞,Strike the ball / a workers’ strike,
1291,strong,強い,形容詞,A strong man.,
1292,student,生徒,名詞,She is a student.,
1293,study,勉強する／研究,動詞／名詞,Study English / a study group,
1294,stylish,おしゃれな,形容詞,A stylish outfit,
1295,subject,教科／科目,名詞,Math is my favorite subject.,
1296,subway,地下鉄,名詞,Take the subway.,
1297,succeed,成功する,動詞,I want to succeed,
1298,success,成功,名詞,He found success.,
1299,successful,成功した,形容詞,A successful event,
1300,such,そんな／そのような,形容詞／代名詞,Such a nice day / such is life,
1301,suddenly,突然,副詞,He left suddenly.,
1302,sugar,砂糖,名詞,Add sugar.,
1303,summer,夏,名詞,Summer is hot.,
1304,sun,太陽,名詞,The sun is bright.,
1305,Sunday,日曜日,名詞（固有名詞）,Sunday is relaxing.,
1306,sunny,晴れている,形容詞,It's sunny today.,
1307,sunset,夕日,名詞,Watch the sunset,
1308,sunshine,日光,名詞,Enjoy the sunshine,
1309,super,すばらしい／とても,形容詞／副詞,A super idea / super fast,
1310,supermarket,スーパー,名詞,Go to the supermarket.,
1311,supply,供給／供給する,名詞／動詞,A water supply / supply food,
1312,support,支える／支援,動詞／名詞,Support your team / emotional support,
1313,sure,確かに／もちろん,形容詞／副詞,I'm sure / Sure,
1314,surely,きっと,副詞,Surely you know this,
1315,surprise,驚き／驚かせる,名詞／動詞,A big surprise / surprise him.,
1316,surprised,驚いた,形容詞,I was surprised.,
1317,surprisingly, he agreed,副詞,Surprisingly,
1318,surround,囲む,動詞,Trees surround the house,
1319,survey,調査／調査する,名詞／動詞,Take a survey / survey the land,
1320,survival,生存,名詞,Survival is difficult here,
1321,survive,生き残る,動詞,They survived the storm,
1322,sustainable,持続可能な,形容詞,Use sustainable energy,
1323,sweet,甘い／お菓子,形容詞／名詞,A sweet cake / eat sweets,
1324,swim,泳ぐ,動詞,I swim in the pool.,
1325,swimming,水泳／泳ぐ,名詞／動詞,Swimming is fun / I am swimming,
1326,syllable,音節,名詞,The word has three syllables,
1327,table,テーブル,名詞,Put it on the table.,
1328,take,撮る,動詞,Take a picture.,
1329,take a look,これを見て,句（動詞的）,Take a look at this.,
1330,take care of,世話をする,句（動詞）,take care of the dog,
1331,talk,話す／会話,動詞／名詞,Talk to me / a short talk.,
1332,tall,背が高い,形容詞,A tall building.,
1333,taught,教えた,動詞（過去形）,She taught math.,
1334,tax,税金／課税する,名詞／動詞,Pay tax / tax the goods,
1335,tea,お茶,名詞,I drink tea.,
1336,teach,教える,動詞,I teach English.,
1337,teacher,先生,名詞,She is a teacher.,
1338,tear,涙／破る,名詞／動詞,A tear fell / tear the paper,
1339,technology,技術,名詞,Modern technology.,
1340,telephone,電話／電話する,名詞／動詞,Answer the telephone / telephone him.,
1341,tell,伝える,動詞,Tell me the truth.,
1342,tell to ～,〜に〜するように言う,句（動詞的）,Tell him to wait,
1343,temple,寺,名詞,Visit a temple.,
1344,ten,10,数詞,Ten apples.,
1345,tenth,10日,数詞,Today is the tenth.,
1346,terrible,ひどい,形容詞,A terrible accident,
1347,textbook,教科書,名詞,Open your textbook.,
1348,than,〜より／〜以上,接続詞／前置詞,Taller than me / more than 10 people,
1349,thank,ありがとう,動詞,Thank you!,
1350,that,それ／〜ということ,代名詞／接続詞,That is mine / I know that he came.,
1351,That's too bad,それは残念だね,句（感嘆）,That's unfortunate,
1352,That's very kind of you,ご親切にありがとう,句（感嘆）,That's very kind of you!,
1353,the,その,冠詞,The dog is cute.,
1354,the globe,地球,名詞,Travel around the globe.,
1355,theater,劇場,名詞,Go to the theater.,
1356,their,彼らの,代名詞／形容詞,Their house is big.,
1357,theirs,彼らのもの,代名詞,This pen is theirs.,
1358,them,彼らを,代名詞,I saw them.,
1359,themselves,彼ら自身,代名詞,They did it themselves,
1360,then, then slept.,副詞／接続詞,I studied,
1361,there,そこに／〜がある,副詞／代名詞,He is there / There is a cat.,
1362,these,これら／これらの,代名詞／形容詞,These are books / these students,
1363,they,彼らは,代名詞,They are happy.,
1364,thick,厚い,形容詞,A thick book.,
1365,thing,もの,名詞,What's that thing?,
1366,think,そう思う,動詞,I think so.,
1367,third,3年生,数詞／形容詞,He is in the third grade.,
1368,thirteen,13歳,数詞,She is thirteen.,
1369,thirty,30人,数詞,Thirty people came.,
1370,this,これ／この,代名詞／形容詞,This is easy / this book.,
1371,this way,こちらへ,句（副詞的）,Come this way.,
1372,those,あれら／あの,代名詞／形容詞,Those are chairs / those students.,
1373,though, I’ll go.,接続詞／副詞,Though it’s late,
1374,thought,考え／思った,名詞／動詞（過去形）,A deep thought.,
1375,thousand,1000,数詞,A thousand yen.,
1376,thousands of,何千もの,句（形容詞的）,Thousands of people came.,
1377,three,3,数詞,Three dogs.,
1378,through,〜を通って,前置詞／副詞,Go through the tunnel.,
1379,throw,ボールを投げる,動詞,Throw the ball.,
1380,Thursday,木曜日,名詞（固有名詞）,Thursday is busy.,
1381,tie,結ぶ／ネクタイ,動詞／名詞,Tie your shoes.,
1382,tiger,トラ,名詞,A tiger is strong.,
1383,tightly,しっかりと,副詞,Hold it tightly.,
1384,time,時間,名詞,Time flies.,
1385,tiny,とても小さい,形容詞,A tiny insect.,
1386,tired,疲れている,形容詞,I feel tired.,
1387,title,題名,名詞,What’s the title of the book?,
1388,to,〜へ,前置詞,Go to school.,
1389,today,今日,名詞／副詞,Today is Monday / I will go today.,
1390,together,一緒に,副詞,Let's work together.,
1391,told,話した,動詞（過去形）,He told me a story.,
1392,tomorrow,明日,名詞／副詞,See you tomorrow.,
1393,tonight,今夜,副詞／名詞,Let’s eat out tonight.,
1394,too,〜も／〜すぎる,副詞,Me too / too much.,
1395,too to ～,〜するには〜すぎる,句（構文）,It’s too hot to walk.,
1396,took,撮った,動詞（過去形）,I took a photo.,
1397,tooth,歯,名詞,Brush your tooth.,
1398,touch,触れる／接触,動詞／名詞,Touch the screen / a gentle touch.,
1399,tough,難しい／頑丈な,形容詞,A tough question.,
1400,tourist,観光客,名詞,A foreign tourist.,
1401,towel,タオル,名詞,Use a towel.,
1402,tower,塔,名詞,A tall tower.,
1403,town,町,名詞,Visit the town.,
1404,toy,おもちゃ,名詞,A soft toy.,
1405,trade,貿易／交換する,動詞／名詞,Trade cards.,
1406,tradition,伝統,名詞,A Japanese tradition.,
1407,traditional,伝統的な,形容詞,Traditional food.,
1408,train,電車／訓練する,名詞／動詞,Take a train / train hard.,
1409,translate,翻訳する,動詞,Translate the sentence.,
1410,translation,翻訳,名詞,A good translation.,
1411,transport,輸送／運ぶ,動詞／名詞,Transport goods.,
1412,trash,ゴミ,名詞,Throw away the trash.,
1413,travel,旅行する／旅行,動詞／名詞,I travel often / love travel.,
1414,traveler,旅行者,名詞,A traveler from abroad.,
1415,treasure,宝物／大切にする,名詞／動詞,Find a treasure.,
1416,tree,木,名詞,A big tree.,
1417,trip,旅行,名詞,A school trip.,
1418,trust,信頼する／信頼,動詞／名詞,Trust your friend.,
1419,try,もう一度試す,動詞,Try again.,
1420,Tuesday,火曜日,名詞（固有名詞）,Tuesday is busy.,
1421,turn,曲がる／順番,動詞／名詞,Turn left / your turn.,
1422,turn into,〜に変わる,句（動詞的）,Caterpillars turn into butterflies.,
1423,twelfth,12年生,数詞,He is in the twelfth grade.,
1424,twelve,12,数詞,Twelve students came.,
1425,twentieth,20日,数詞,Today is the twentieth.,
1426,twenty,20,数詞,Twenty books.,
1427,twice,2回,副詞,I’ve been there twice.,
1428,two,2,数詞,Two cats.,
1429,umbrella,傘,名詞,Use an umbrella.,
1430,uncle,おじ,名詞,My uncle is funny.,
1431,uncomfortable,不快な,形容詞,This chair is uncomfortable.,
1432,under,〜の下に,前置詞,Under the table.,
1433,understand,理解する,動詞,I understand you.,
1434,understood,理解した,動詞（過去形）,I understood the rule.,
1435,unfair,不公平な,形容詞,That’s unfair!,
1436,unhappy,不幸な／悲しい,形容詞,She looks unhappy.,
1437,uniform,制服／均一な,名詞／形容詞,Wear a school uniform.,
1438,unique,独特な／唯一の,形容詞,A unique idea.,
1439,universe,宇宙,名詞,The universe is huge.,
1440,university,大学,名詞,Go to university.,
1441,until,〜まで,接続詞／前置詞,Wait until 5.,
1442,unused,未使用の,形容詞,An unused ticket.,
1443,up,上に／〜の上へ,副詞／前置詞,Stand up / up the hill.,
1444,up until, I was fine.,句（前置詞的）,Up until yesterday,
1445,use,使う／使用,動詞／名詞,Use a pen / the use of tools.,
1446,useful,役に立つ,形容詞,This app is useful.,
1447,usual,いつもの,形容詞,My usual breakfast.,
1448,usually,たいてい,副詞,I usually walk.,
1449,vacation,休暇,名詞,Enjoy your vacation.,
1450,valley,谷,名詞,A deep valley.,
1451,various,さまざまな,形容詞,Various colors.,
1452,vegetable,野菜,名詞,Eat vegetables.,
1453,very,とても,副詞,Very good!,
1454,village,村,名詞,Visit a small village.,
1455,violence,暴力,名詞,Stop the violence.,
1456,visitor,訪問者,名詞,A visitor from Osaka.,
1457,wait,待つ,動詞,Please wait here.,
1458,wake,起こす,動詞,Wake me up at 7.,
1459,wake up,目覚める,句（動詞的）,I wake up early.,
1460,want,欲しい,動詞,I want a toy.,
1461,war,戦争,名詞,War is dangerous.,
1462,warm,暖かい／温める,形容詞／動詞,A warm day / warm the soup,
1463,waste,無駄／浪費する,名詞／動詞,Don’t waste food.,
1464,watch,見る／腕時計,動詞／名詞,Watch TV / a wristwatch,
1465,water,水／水をやる,名詞／動詞,Drink water / water the plants.,
1466,wave,波／手を振る,名詞／動詞,A big wave / wave goodbye,
1467,way,道／方法,名詞,Show me the way,
1468,weak,弱い,形容詞,He is weak today,
1469,weapon,武器,名詞,A dangerous weapon.,
1470,wear,着る,動詞,Wear a jacket,
1471,weather,天気,名詞,The weather is nice.,
1472,weekly,毎週の,形容詞／副詞,A weekly meeting.,
1473,weigh,重さを量る,動詞,Weigh the apples,
1474,weight,体重／重さ,名詞,Check your weight,
1475,well,上手に／健康な／井戸,副詞／形容詞／名詞,He sings well / a deep well.,
1476,well-known,有名な,形容詞,A well-known actor.,
1477,well-off,裕福な,形容詞,A well-off family,
1478,west,西／西の／西へ,名詞／形容詞／副詞,Go west / the west gate,
1479,wet,濡れた／濡らす,形容詞／動詞,My shoes are wet.,
1480,what to,何を〜すべきか,句（名詞的）,I don’t know what to say.,
1481,when,〜するとき／いつ,接続詞／副詞,When I arrived / When is it?,
1482,where,どこ／〜する場所,副詞／接続詞,Where are you? / I know where he lives.,
1483,which,どちら／どの,代名詞／形容詞,Which book? / Which is yours?,
1484,while,〜している間／少しの時間,接続詞／名詞,While I was out.,
1485,whole,全体の／全部,形容詞／名詞,A whole cake.,
1486,wide,広い,形容詞,A wide road,
1487,wife,妻,名詞,His wife is kind,
1488,wild,野生の,形容詞,A wild animal,
1489,will,〜するつもり／意志,助動詞／名詞,I will go / strong will,
1490,wind,風／巻く,名詞／動詞,The wind is strong / wind the clock,
1491,wind power,風力発電,名詞,Wind power is renewable.,
1492,winner,勝者,名詞,She is the winner.,
1493,wisdom,知恵,名詞,He has great wisdom,
1494,wish,願う／願い,動詞／名詞,I wish to travel / make a wish,
1495,with,〜と一緒に,前置詞,Go with me,
1496,with a smile,笑顔で,句（副詞的）,She spoke with a smile.,
1497,woke,目覚めた,動詞（過去形）,I woke up early,
1498,won,勝った,動詞（過去形）,He won the game.,
1499,wonder,不思議に思う／驚き,動詞／名詞,I wonder why / a sense of wonder,
1500,wood,木材,名詞,A piece of wood,
1501,word,単語,名詞,Learn a new word.,
1502,work,働く／仕事,動詞／名詞,I work hard / school work,
1503,work out,運動する,句（動詞的）,Let’s work out at the gym.,
1504,world,世界,名詞,The world is big,
1505,worry,心配する／心配,動詞／名詞,Don't worry / a worry about tests.,
1506,worth,価値がある／価値,形容詞／名詞,It’s worth trying.,
1507,would,〜だろう／〜したい,助動詞,I would like some tea.,
1508,would like to ～,〜したい,句（助動詞的）,I would like to travel.,
1509,wrap,包む／包装,動詞／名詞,Wrap the gift.,
1510,writer,作家,名詞,She is a famous writer,
1511,wrong,間違った／間違って,形容詞／副詞,That’s the wrong answer.,
1512,wrote,書いた,動詞（過去形）,He wrote a letter,
1513,year,年,名詞,A new year begins.,
1514,yen,円（日本の通貨）,名詞,It costs 500 yen.,
1515,yesterday,昨日,名詞／副詞,I went yesterday / Yesterday was fun.,
1516,yet,まだ～,副詞,He hasn't come yet.,
1517,young,若い／若者,形容詞／名詞,A young boy / the young,
1518,youth,若者／若さ,名詞,Enjoy your youth.,
1519,zone,区域／ゾーン,名詞,A quiet zone.,
1520,zoo,動物園,名詞,Visit the zoo.,
